{"cameraMode":{"drawMode":0,"name":"Shaded","section":"Shading Mode"},"sceneLighting":true,"audioPlay":false,"sceneViewState":{"showFog":true,"showMaterialUpdate":false,"showSkybox":true,"showFlares":true,"showImageEffects":true,"showParticleSystems":true},"in2DMode":false,"pivot":{"x":-50.344627380371097,"y":2.596400737762451,"z":6.036540985107422},"rotation":{"x":0.5237284898757935,"y":-0.020441317930817605,"z":0.012572233565151692,"w":0.8515487313270569},"size":11.990731239318848,"orthographic":false}