{"cameraMode":{"drawMode":0,"name":"Shaded","section":"Shading Mode"},"sceneLighting":true,"audioPlay":false,"sceneViewState":{"showFog":true,"showMaterialUpdate":false,"showSkybox":true,"showFlares":true,"showImageEffects":true,"showParticleSystems":true},"in2DMode":false,"pivot":{"x":-69.8446273803711,"y":1.1420559883117676,"z":8.553731918334961},"rotation":{"x":0.156828373670578,"y":-0.3544636070728302,"z":0.060524970293045047,"w":0.9198790788650513},"size":4.8020195960998539,"orthographic":false}