{"cameraMode":{"drawMode":0,"name":"Shaded","section":"Shading Mode"},"sceneLighting":true,"audioPlay":false,"sceneViewState":{"showFog":true,"showMaterialUpdate":false,"showSkybox":true,"showFlares":true,"showImageEffects":true,"showParticleSystems":true},"in2DMode":false,"pivot":{"x":-74.54000091552735,"y":1.9200000762939454,"z":6.570000171661377},"rotation":{"x":0.21809440851211549,"y":-0.01961669698357582,"z":0.00452369125559926,"w":0.9757778644561768},"size":3.912729501724243,"orthographic":false}