{"cameraMode":{"drawMode":0,"name":"Shaded","section":"Shading Mode"},"sceneLighting":true,"audioPlay":false,"sceneViewState":{"showFog":true,"showMaterialUpdate":false,"showSkybox":true,"showFlares":true,"showImageEffects":true,"showParticleSystems":true},"in2DMode":false,"pivot":{"x":-58.767921447753909,"y":-0.7060316801071167,"z":10.44973373413086},"rotation":{"x":0.46365904808044436,"y":0.0736144483089447,"z":-0.03887229040265083,"w":0.8822218179702759},"size":4.235245704650879,"orthographic":false}