{"cameraMode":{"drawMode":0,"name":"Shaded","section":"Shading Mode"},"sceneLighting":true,"audioPlay":false,"sceneViewState":{"showFog":true,"showMaterialUpdate":false,"showSkybox":true,"showFlares":true,"showImageEffects":true,"showParticleSystems":true},"in2DMode":false,"pivot":{"x":1291.7783203125,"y":512.04443359375,"z":-75.98098754882813},"rotation":{"x":-0.01559172011911869,"y":0.03448866680264473,"z":0.0005463039269670844,"w":0.9992974400520325},"size":1072.6331787109375,"orthographic":false}