{"cameraMode":{"drawMode":0,"name":"Shaded","section":"Shading Mode"},"sceneLighting":true,"audioPlay":false,"sceneViewState":{"showFog":true,"showMaterialUpdate":false,"showSkybox":true,"showFlares":true,"showImageEffects":true,"showParticleSystems":true},"in2DMode":false,"pivot":{"x":-66.27951049804688,"y":-5.8307952880859379,"z":9.58980655670166},"rotation":{"x":0.5391632914543152,"y":-0.005586360581219196,"z":0.003620539093390107,"w":0.8422843217849731},"size":11.292388916015625,"orthographic":false}